first_name,last_name,department,email,phone_number,salary,password
Shelley,Fuller,Meteorologist,singletonjacob@example.net,808-620-7211x0854,84584,y5NKy15o
Jennifer,Harris,Designer television/film set,tina23@example.net,740-596-5169x0247,52851,8EyYICiW
Heather,Hunt,Surveyor hydrographic,velazquezsarah@example.org,+1-566-822-8075,62688,7aJ103He
Donald,Dean,Forensic scientist,ftucker@example.net,7035677801,75858,irG5hPY4
Raymond,Morton,Trade union research officer,jaredhaley@example.org,+1-386-946-9278,95726,Buh6Dd5W
Jennifer,Cook,Osteopath,joshua40@example.net,(759)626-8426x453,52112,RGA5WeLM
Rachel,Hall,Medical physicist,matthewarellano@example.org,9535452979,59877,OWm9gHYI
Evan,Pearson,Surveyor quantity,lindsaynguyen@example.com,(764)886-9776,72747,PQyXcskn
Monica,Erickson,Animator,christopher44@example.net,399-608-7582,91830,fIBRyYlC
Dawn,Ayala,Arts development officer,jamie70@example.com,746.762.5708x68121,95385,VNQpPkTf
Duane,Jenkins,Insurance claims handler,rgraham@example.com,001-816-251-6471x8842,39564,57DCGSJE
Deanna,Fernandez,Illustrator,ischmitt@example.net,979-437-3888,63853,4jfgwhL4
Monica,King,Health service manager,salasanthony@example.org,692.364.7887,32924,xNG3bgVt
Sarah,Joseph,Engineer building services,hayden66@example.net,+1-789-932-6279,29838,h2DUZ5aW
David,Parker,IT technical support officer,snyderjessica@example.net,670.977.1421,78233,YDdOFSJ2
Jaclyn,Anderson,Advertising account planner,lauriewebb@example.net,001-940-815-8767,88028,GyhxzxVu
Bradley,Griffin,Ecologist,kwilson@example.net,613.448.3432,43851,c7Ne59iF
Emily,Andrews,Geologist wellsite,patriciamoore@example.com,248.557.3840,44935,4DEoKeyg
Erin,Rodriguez,Solicitor,eric38@example.com,001-251-652-2729,8350,0I1cEckx
Jessica,Perez,Clinical embryologist,sherrysaunders@example.net,+1-661-220-0725,87190,8iz2BoVH
Tony,Mclean,Engineer petroleum,eric49@example.net,+1-399-827-8106x8756,23208,a2C8dfVb
Anthony,Dean,Press photographer,sanchezandrew@example.com,+1-790-686-2636x20310,73496,8t54jfby
Jeremy,Cervantes,Horticulturist commercial,alexis08@example.org,(386)975-2296,21128,UzV5Cs0o
Brenda,Robertson,Horticultural consultant,schwartzthomas@example.net,958.736.9326x1629,49279,8SDKPhBm
Matthew,Alvarado,Forensic psychologist,jensenalexandra@example.net,521.574.6879x4885,90453,mlbA4P3C
Susan,Murphy,Psychotherapist child,lpace@example.org,001-909-372-6014x71516,17646,Fzep99i1
Carl,Mack,Education officer community,lopezaustin@example.org,001-263-453-0896x37025,569,N6LGpblm
Robert,Martin,Archivist,alicia07@example.com,001-623-586-9172,30223,mK9Kdcrv
Christopher,Morse,Hospital pharmacist,marknorris@example.com,+1-608-488-6118,36121,cAF73KnH
Nicholas,Branch,Gaffer,andersonteresa@example.net,(260)415-9255x5842,64231,LePYFutE
Juan,Vega,Operations geologist,castillojames@example.net,+1-667-561-8181x3901,81222,J1jNYqYp
Wanda,Burnett,Journalist magazine,lauragamble@example.net,783.462.9515,85303,smbPw9Tg
Eric,Ryan,Secretary/administrator,jrodriguez@example.net,001-853-320-4400x775,70913,oy7CTuR6
Darrell,Burgess,Recruitment consultant,ilambert@example.com,892-710-8732x0367,22994,X50oVXh7
Alex,Perez,Conservation officer nature,stacey53@example.com,001-298-651-4160,43816,x8XSn20o
Lisa,Larson,Wellsite geologist,ymckinney@example.org,(254)629-4698x573,37613,ryxSSWlL
Johnny,Powell,Journalist magazine,andrea60@example.net,540.946.5473,4241,NMQpBJiQ
Lisa,Greene,Commercial art gallery manager,jennifer63@example.net,(813)253-8831,21868,uRzOguD3
Sandra,Smith,Private music teacher,mary45@example.net,325-243-2586,51898,Nix5OL6K
Kevin,Torres,Equality and diversity officer,asimpson@example.net,(978)415-5335,81042,6TvIfklJ
Brian,Kim,Public affairs consultant,theresasmith@example.com,(497)517-0282,65625,O6m0JNPV
Daniel,Gross,Quality manager,ncampbell@example.org,+1-933-977-3717x039,72426,mjR6cUE1
Ryan,Anderson,Air cabin crew,millernicholas@example.com,(854)620-1267x47687,69842,s3nGM3zl
Renee,Wright,Designer television/film set,michellebrown@example.net,694-388-7150x125,92580,2rza8FsK
Linda,Hoffman,Administrator sports,kevinlyons@example.org,001-410-857-7049x404,23802,Z1sy0MED
Kimberly,Smith,Podiatrist,lindseymary@example.net,+1-679-722-2573x47262,11337,RdVvodoJ
Damon,Thompson,Accommodation manager,monicathompson@example.net,650-720-2830x55179,64091,ioSIiJZ2
Tiffany,Montes,Chief Operating Officer,uelliott@example.com,352-256-7818,31014,4d9wvxSY
Barbara,Jones,Film/video editor,peter19@example.org,001-799-496-8649x3284,21410,JhSnnZPD
Bethany,Keller,Restaurant manager,taylorshaw@example.com,914.760.1037x36582,29239,RNMGUe0j
Susan,Johnson,Catering manager,escobarlaura@example.net,001-982-586-9060x43104,33597,XksiaCcY
Ashley,Lee,Stage manager,dustincoleman@example.com,7544613354,34935,5cMGxl8Z
Stephen,Gates,Financial planner,collinssean@example.org,+1-883-531-9856x74317,33473,Sioc1LZT
Susan,Green,Pharmacist hospital,william62@example.net,+1-703-815-3332x33490,47979,FZHj6Pt6
Natalie,Yang,Product designer,veronicagamble@example.com,652-576-7765x4468,60224,WjHRtrqz
Brandon,Gomez,Glass blower/designer,amymiller@example.org,206.327.1007x05314,27540,OJjZZzgP
Jay,Bell,Learning mentor,adamschristopher@example.com,001-821-237-8291x677,44741,JmB5yUG2
Denise,Juarez,Secretary/administrator,linda82@example.com,691-670-3133,39129,XDcmjEHY
Anthony,Mack,Lighting technician broadcasting/film/video,nsmith@example.net,961-825-9652,38936,7IrmhdR2
Luke,Morales,Trade union research officer,sonyaaguilar@example.com,(575)464-3994,68526,bukCznz2
Mckenzie,Clark,Drilling engineer,james41@example.net,+1-282-664-5096,27749,H12zPJVW
Travis,Hudson,Advertising copywriter,teresa08@example.com,(838)904-6276,50174,kqsoceJU
Robert,Fox,Chiropodist,elizabethfoster@example.org,(497)592-4212x59646,34649,fgMpSb4d
Nicole,Jensen,Make,danielguerrero@example.net,+1-261-708-4697x402,1042,A0ycXDw0
Christina,Smith,Medical sales representative,tnoble@example.com,491-215-4788x361,96559,qdibXvqk
Kerri,Adams,Chief Operating Officer,jerry39@example.com,+1-495-506-2587x2792,83333,h0flJp22
David,Callahan,Scientist research (medical),mario26@example.com,+1-510-694-4009x066,76497,ZBiKJqnM
Mark,Soto,Teacher special educational needs,qdavis@example.org,294-210-2942,11385,47cZmc8m
Brenda,Hunter,Risk analyst,johnsonjason@example.org,675-234-2237x432,97213,lA3vtbj9
Holly,Wilkins,Magazine journalist,xfreeman@example.net,+1-388-865-9150,8874,PftE1E8g
Stephen,Huang,Hydrogeologist,hhumphrey@example.org,001-302-340-7584x788,61179,PvYv7Yql
Christopher,Hardy,Librarian public,gilmoreroger@example.net,804.552.2653x98755,41843,j7jPDFDd
Cameron,Michael,Office manager,swalker@example.com,001-227-345-0649x003,77202,Etu0jlqa
Heather,Johnston,Claims inspector/assessor,jakebanks@example.com,921-557-7250x41723,26333,sediCGzO
David,Dalton,Investment banker operational,gregory02@example.com,941-202-5012x16515,49659,cOVxav1U
Robin,Pratt,Prison officer,martinsusan@example.com,+1-353-653-4189,4501,zDu5vafb
Mary,Rogers,Surveyor insurance,qpark@example.org,+1-442-204-9423x9692,69745,wsDbkR5D
Gloria,Gutierrez,Energy engineer,rkelly@example.org,594-863-3540,44246,i1VHlHAA
Brittany,English,Designer interior/spatial,catherinecook@example.net,332.252.3980x8592,76866,y0txe1jm
Julie,Ortega,Merchant navy officer,haleyharris@example.net,001-447-404-0435x01923,48046,jQbihG7n
Joseph,Brown,Podiatrist,bradleymccarthy@example.net,(214)498-0198x7613,4482,P8vKwBC5
Paul,Moody,Housing manager/officer,annahayden@example.org,+1-774-644-6255x54184,47241,w1ItY2rq
Jamie,Snyder,Airline pilot,caseyhicks@example.net,350.527.0573,77098,8ixEs7FI
Amanda,Lawrence,Geochemist,amandajohnson@example.net,(568)564-7762,15507,iBkjUUWt
Jason,West,Hydrographic surveyor,cummingsphillip@example.com,001-344-861-1553,97515,sZRf4T5A
Ashley,Edwards,Occupational therapist,psmall@example.net,563-399-0003x320,12044,YyziWQ6u
Aaron,Powell,Ophthalmologist,nicoleyoung@example.com,503.258.3579x550,95060,qCATKKIE
Francisco,Duncan,Financial risk analyst,kimberlycook@example.net,(795)339-4082x6600,22634,ntkZIHwM
Crystal,Farmer,Further education lecturer,arowe@example.org,247-964-6141x259,21255,qWqC0JD6
Michael,Butler,Therapist art,wgarcia@example.com,691.635.1741,13463,m2Y2en6i
Denise,Morris,Tour manager,zgriffin@example.com,001-349-653-7598x1130,29789,eAslud2Z
Michelle,Soto,Emergency planning/management officer,timothy78@example.org,(731)672-5214x12321,20083,yebCJQp7
Patricia,Daniels,Firefighter,gabrielle48@example.com,(980)606-0343x03199,48522,yeXWACn4
Christie,Dominguez,Trading standards officer,richardsonmariah@example.net,417-327-1888,77102,QpDAtEyL
Taylor,Moyer,Designer television/film set,suewheeler@example.com,345-426-0254x781,56953,5bNA7OsE
James,Turner,Secondary school teacher,jsanchez@example.com,752.584.0397x8724,56881,LuGbaji9
Kenneth,Stewart,Environmental consultant,handrews@example.net,602-688-0440x1724,93590,cGvaWhUR
Jack,Morgan,Museum education officer,urodriguez@example.org,661.872.2281,90914,YQdtrVSM
Claudia,Montoya,Chiropodist,jacksondavid@example.net,565-311-1954,88045,b7r4SV85
Jessica,George,Dealer,xcohen@example.net,001-784-307-3395x522,59745,hQM1bnwv
